{
  "nx": 300,
  "ny": 300,
  "lng_min": 116.382,
  "lat_min": 39.893,
  "lng_max": 116.412,
  "lat_max": 39.923,
  "elev_min": 35.13957977294922,
  "elev_max": 59.894691467285156,
  "cell_size_m": 10
}